2023,4,1,10:00 - 17:00,Closed,Closed,Closed,Closed,Closed
2023,4,2,Closed,Closed,Closed,Closed,Closed,Closed
2023,4,3,9:00 - 17:00,11:00 - 13:30,Closed,Closed,11:00 - 13:30,10:00 - 14:30
2023,4,4,9:00 - 17:00,11:00 - 13:30,Closed,Closed,11:00 - 13:30,10:00 - 14:30
2023,4,5,9:00 - 17:00,11:00 - 13:30,Closed,Closed,11:00 - 13:30,10:00 - 14:30
2023,4,6,9:00 - 17:00,11:00 - 13:30,Closed,Closed,11:00 - 13:30,10:00 - 14:30
2023,4,7,9:00 - 17:00,11:00 - 13:30,Closed,Closed,11:00 - 13:30,10:00 - 14:30
2023,4,8,10:00 - 17:00,Closed,Closed,Closed,Closed,Closed
2023,4,9,Closed,Closed,Closed,Closed,Closed,Closed
2023,4,10,9:00 - 17:00,11:00 - 13:30,Closed,Closed,11:00 - 13:30,10:00 - 14:30
2023,4,11,9:00 - 17:00,11:00 - 13:30,Closed,Closed,11:00 - 13:30,10:00 - 14:30
2023,4,12,9:00 - 20:30,11:00 - 19:00,11:00 - 13:30,12:00 - 13:00,8:30 - 17:00,9:30 - 17:00
2023,4,13,9:00 - 20:30,11:00 - 19:00,11:00 - 13:30,12:00 - 13:00,8:30 - 17:00,9:30 - 17:00
2023,4,14,9:00 - 20:30,11:00 - 19:00,11:00 - 13:30,12:00 - 13:00,8:30 - 17:00,9:30 - 17:00
2023,4,15,10:00 - 17:00,11:00 - 13:30,Closed,Closed,Closed,Closed
2023,4,16,Closed,Closed,Closed,Closed,Closed,Closed
2023,4,17,9:00 - 20:30,11:00 - 19:00,11:00 - 13:30,12:00 - 13:00,8:30 - 17:00,9:30 - 17:00
2023,4,18,9:00 - 20:30,11:00 - 19:00,11:00 - 13:30,12:00 - 13:00,8:30 - 17:00,9:30 - 17:00
2023,4,19,9:00 - 20:30,11:00 - 19:00,11:00 - 13:30,12:00 - 13:00,8:30 - 17:00,9:30 - 17:00
2023,4,20,9:00 - 20:30,11:00 - 19:00,11:00 - 13:30,12:00 - 13:00,8:30 - 17:00,9:30 - 17:00
2023,4,21,9:00 - 20:30,11:00 - 19:00,11:00 - 13:30,12:00 - 13:00,8:30 - 17:00,9:30 - 17:00
2023,4,22,10:00 - 17:00,11:00 - 13:30,Closed,Closed,Closed,Closed
2023,4,23,Closed,Closed,Closed,Closed,Closed,Closed
2023,4,24,9:00 - 20:30,11:00 - 19:00,11:00 - 13:30,12:00 - 13:00,8:30 - 17:00,9:30 - 17:00
2023,4,25,9:00 - 20:30,11:00 - 19:00,11:00 - 13:30,12:00 - 13:00,8:30 - 17:00,9:30 - 17:00
2023,4,26,9:00 - 20:30,11:00 - 19:00,11:00 - 13:30,12:00 - 13:00,8:30 - 17:00,9:30 - 17:00
2023,4,27,9:00 - 20:30,11:00 - 19:00,11:00 - 13:30,12:00 - 13:00,8:30 - 17:00,9:30 - 17:00
2023,4,28,9:00 - 20:30,11:00 - 19:00,11:00 - 13:30,12:00 - 13:00,8:30 - 17:00,9:30 - 17:00
2023,4,29,Closed,Closed,Closed,Closed,Closed,Closed
2023,4,30,Closed,Closed,Closed,Closed,Closed,Closed
2023,5,1,9:00 - 20:30,11:00 - 19:00,11:00 - 13:30,12:00 - 13:00,8:30 - 17:00,9:30 - 17:00
2023,5,2,9:00 - 20:30,11:00 - 19:00,11:00 - 13:30,12:00 - 13:00,8:30 - 17:00,9:30 - 17:00
2023,5,3,Closed,Closed,Closed,Closed,Closed,Closed
2023,5,4,Closed,Closed,Closed,Closed,Closed,Closed
2023,5,5,Closed,Closed,Closed,Closed,Closed,Closed
2023,5,6,10:00 - 17:00,11:00 - 13:30,Closed,Closed,Closed,Closed
2023,5,7,Closed,Closed,Closed,Closed,Closed,Closed
2023,5,8,9:00 - 20:30,11:00 - 19:00,11:00 - 13:30,12:00 - 13:00,8:30 - 17:00,9:30 - 17:00
2023,5,9,9:00 - 20:30,11:00 - 19:00,11:00 - 13:30,12:00 - 13:00,8:30 - 17:00,9:30 - 17:00
2023,5,10,9:00 - 20:30,11:00 - 19:00,11:00 - 13:30,12:00 - 13:00,8:30 - 17:00,9:30 - 17:00
2023,5,11,9:00 - 20:30,11:00 - 19:00,11:00 - 13:30,12:00 - 13:00,8:30 - 17:00,9:30 - 17:00
2023,5,12,9:00 - 20:30,11:00 - 19:00,11:00 - 13:30,12:00 - 13:00,8:30 - 17:00,9:30 - 17:00
2023,5,13,10:00 - 17:00,11:00 - 13:30,Closed,Closed,Closed,Closed
2023,5,14,Closed,Closed,Closed,Closed,Closed,Closed
2023,5,15,9:00 - 20:30,11:00 - 19:00,11:00 - 13:30,12:00 - 13:00,8:30 - 17:00,9:30 - 17:00
2023,5,16,9:00 - 20:30,11:00 - 19:00,11:00 - 13:30,12:00 - 13:00,8:30 - 17:00,9:30 - 17:00
2023,5,17,9:00 - 20:30,11:00 - 19:00,11:00 - 13:30,12:00 - 13:00,8:30 - 17:00,9:30 - 17:00
2023,5,18,9:00 - 20:30,11:00 - 19:00,11:00 - 13:30,12:00 - 13:00,8:30 - 17:00,9:30 - 17:00
2023,5,19,9:00 - 20:30,11:00 - 19:00,11:00 - 13:30,12:00 - 13:00,8:30 - 17:00,9:30 - 17:00
2023,5,20,10:00 - 17:00,11:00 - 13:30,Closed,Closed,Closed,Closed
2023,5,21,Closed,Closed,Closed,Closed,Closed,Closed
2023,5,22,9:00 - 20:30,11:00 - 19:00,11:00 - 13:30,12:00 - 13:00,8:30 - 17:00,9:30 - 17:00
2023,5,23,9:00 - 20:30,11:00 - 19:00,11:00 - 13:30,12:00 - 13:00,8:30 - 17:00,9:30 - 17:00
2023,5,24,9:00 - 20:30,11:00 - 19:00,11:00 - 13:30,12:00 - 13:00,8:30 - 17:00,9:30 - 17:00
2023,5,25,9:00 - 20:30,11:00 - 19:00,11:00 - 13:30,12:00 - 13:00,8:30 - 17:00,9:30 - 17:00
2023,5,26,9:00 - 20:30,11:00 - 19:00,11:00 - 13:30,12:00 - 13:00,8:30 - 17:00,9:30 - 17:00
2023,5,27,10:00 - 17:00,11:00 - 13:30,Closed,Closed,Closed,Closed
2023,5,28,Closed,Closed,Closed,Closed,Closed,Closed
2023,5,29,9:00 - 20:30,11:00 - 19:00,11:00 - 13:30,12:00 - 13:00,8:30 - 17:00,9:30 - 17:00
2023,5,30,9:00 - 20:30,11:00 - 19:00,11:00 - 13:30,12:00 - 13:00,8:30 - 17:00,9:30 - 17:00
2023,5,31,9:00 - 20:30,11:00 - 19:00,11:00 - 13:30,12:00 - 13:00,8:30 - 17:00,9:30 - 17:00
2023,6,1,9:00 - 20:30,11:00 - 19:00,11:00 - 13:30,12:00 - 13:00,8:30 - 17:00,9:30 - 17:00
2023,6,2,9:00 - 20:30,11:00 - 19:00,11:00 - 13:30,12:00 - 13:00,8:30 - 17:00,9:30 - 17:00
2023,6,3,10:00 - 17:00,11:00 - 13:30,Closed,Closed,Closed,Closed
2023,6,4,Closed,Closed,Closed,Closed,Closed,Closed
2023,6,5,9:00 - 20:30,11:00 - 19:00,11:00 - 13:30,12:00 - 13:00,8:30 - 17:00,9:30 - 17:00
2023,6,6,9:00 - 20:30,11:00 - 19:00,11:00 - 13:30,12:00 - 13:00,8:30 - 17:00,9:30 - 17:00
2023,6,7,9:00 - 20:30,11:00 - 19:00,11:00 - 13:30,12:00 - 13:00,8:30 - 17:00,9:30 - 17:00
2023,6,8,9:00 - 20:30,11:00 - 19:00,11:00 - 13:30,12:00 - 13:00,8:30 - 17:00,9:30 - 17:00
2023,6,9,9:00 - 20:30,11:00 - 19:00,11:00 - 13:30,12:00 - 13:00,8:30 - 17:00,9:30 - 17:00
2023,6,10,10:00 - 17:00,11:00 - 13:30,Closed,Closed,Closed,Closed
2023,6,11,Closed,Closed,Closed,Closed,Closed,Closed
2023,6,12,9:00 - 20:30,11:00 - 19:00,11:00 - 13:30,12:00 - 13:00,8:30 - 17:00,9:30 - 17:00
2023,6,13,9:00 - 20:30,11:00 - 19:00,11:00 - 13:30,12:00 - 13:00,8:30 - 17:00,9:30 - 17:00
2023,6,14,9:00 - 20:30,11:00 - 19:00,11:00 - 13:30,12:00 - 13:00,8:30 - 17:00,9:30 - 17:00
2023,6,15,9:00 - 20:30,11:00 - 19:00,11:00 - 13:30,12:00 - 13:00,8:30 - 17:00,9:30 - 17:00
2023,6,16,9:00 - 20:30,11:00 - 19:00,11:00 - 13:30,12:00 - 13:00,8:30 - 17:00,9:30 - 17:00
2023,6,17,10:00 - 17:00,11:00 - 13:30,Closed,Closed,Closed,Closed
2023,6,18,Closed,Closed,Closed,Closed,Closed,Closed
2023,6,19,9:00 - 20:30,11:00 - 19:00,11:00 - 13:30,12:00 - 13:00,8:30 - 17:00,9:30 - 17:00
2023,6,20,9:00 - 20:30,11:00 - 19:00,11:00 - 13:30,12:00 - 13:00,8:30 - 17:00,9:30 - 17:00
2023,6,21,9:00 - 20:30,11:00 - 19:00,11:00 - 13:30,12:00 - 13:00,8:30 - 17:00,9:30 - 17:00
2023,6,22,9:00 - 20:30,11:00 - 19:00,11:00 - 13:30,12:00 - 13:00,8:30 - 17:00,9:30 - 17:00
2023,6,23,9:00 - 20:30,11:00 - 19:00,11:00 - 13:30,12:00 - 13:00,8:30 - 17:00,9:30 - 17:00
2023,6,24,10:00 - 17:00,11:00 - 13:30,Closed,Closed,Closed,Closed
2023,6,25,Closed,Closed,Closed,Closed,Closed,Closed
2023,6,26,9:00 - 20:30,11:00 - 19:00,11:00 - 13:30,12:00 - 13:00,8:30 - 17:00,9:30 - 17:00
2023,6,27,9:00 - 20:30,11:00 - 19:00,11:00 - 13:30,12:00 - 13:00,8:30 - 17:00,9:30 - 17:00
2023,6,28,9:00 - 20:30,11:00 - 19:00,11:00 - 13:30,12:00 - 13:00,8:30 - 17:00,9:30 - 17:00
2023,6,29,9:00 - 20:30,11:00 - 19:00,11:00 - 13:30,12:00 - 13:00,8:30 - 17:00,9:30 - 17:00
2023,6,30,9:00 - 20:30,11:00 - 19:00,11:00 - 13:30,12:00 - 13:00,8:30 - 17:00,9:30 - 17:00
2023,7,1,10:00 - 17:00,11:00 - 13:30,Closed,Closed,Closed,Closed
2023,7,2,Closed,Closed,Closed,Closed,Closed,Closed
2023,7,3,9:00 - 20:30,11:00 - 19:00,11:00 - 13:30,12:00 - 13:00,8:30 - 17:00,9:00 - 17:00
2023,7,4,Closed,11:00 - 13:30,Closed,Closed,11:00 - 13:30,Closed
2023,7,5,9:00 - 20:30,11:00 - 19:00,11:00 - 13:30,12:00 - 13:00,8:30 - 17:00,9:00 - 17:00
2023,7,6,9:00 - 20:30,11:00 - 19:00,11:00 - 13:30,12:00 - 13:00,8:30 - 17:00,9:00 - 17:00
2023,7,7,9:00 - 20:30,11:00 - 19:00,11:00 - 13:30,12:00 - 13:00,8:30 - 17:00,9:00 - 17:00
2023,7,8,10:00 - 17:00,11:00 - 13:30,Closed,Closed,Closed,Closed
2023,7,9,Closed,Closed,Closed,Closed,Closed,Closed
2023,7,10,9:00 - 20:30,11:00 - 19:00,11:00 - 13:30,12:00 - 13:00,8:30 - 17:00,9:00 - 17:00
2023,7,11,9:00 - 20:30,11:00 - 19:00,11:00 - 13:30,12:00 - 13:00,8:30 - 17:00,9:00 - 17:00
2023,7,12,9:00 - 20:30,11:00 - 19:00,11:00 - 13:30,12:00 - 13:00,8:30 - 17:00,9:00 - 17:00
2023,7,13,9:00 - 20:30,11:00 - 19:00,11:00 - 13:30,12:00 - 13:00,8:30 - 17:00,9:00 - 17:00
2023,7,14,9:00 - 20:30,11:00 - 19:00,11:00 - 13:30,12:00 - 13:00,8:30 - 17:00,9:00 - 17:00
2023,7,15,10:00 - 17:00,11:00 - 13:30,Closed,Closed,Closed,Closed
2023,7,16,Closed,Closed,Closed,Closed,Closed,Closed
2023,7,17,Closed,Closed,Closed,Closed,Closed,Closed
2023,7,18,9:00 - 20:30,11:00 - 19:00,11:00 - 13:30,12:00 - 13:00,8:30 - 17:00,9:00 - 17:00
2023,7,19,9:00 - 20:30,11:00 - 19:00,11:00 - 13:30,12:00 - 13:00,8:30 - 17:00,9:00 - 17:00
2023,7,20,9:00 - 20:30,11:00 - 19:00,11:00 - 13:30,12:00 - 13:00,8:30 - 17:00,9:00 - 17:00
2023,7,21,9:00 - 20:30,11:00 - 19:00,11:00 - 13:30,12:00 - 13:00,8:30 - 17:00,9:00 - 17:00
2023,7,22,10:00 - 17:00,11:00 - 13:30,Closed,Closed,Closed,Closed
2023,7,23,Closed,Closed,Closed,Closed,Closed,Closed
2023,7,24,9:00 - 20:30,11:00 - 19:00,11:00 - 13:30,12:00 - 13:00,8:30 - 17:00,9:00 - 17:00
2023,7,25,9:00 - 20:30,11:00 - 19:00,11:00 - 13:30,12:00 - 13:00,8:30 - 17:00,9:00 - 17:00
2023,7,26,9:00 - 20:30,11:00 - 19:00,11:00 - 13:30,12:00 - 13:00,8:30 - 17:00,9:00 - 17:00
2023,7,27,9:00 - 20:30,11:00 - 19:00,11:00 - 13:30,12:00 - 13:00,8:30 - 17:00,9:00 - 17:00
2023,7,28,9:00 - 20:30,11:00 - 19:00,11:00 - 13:30,12:00 - 13:00,8:30 - 17:00,9:00 - 17:00
2023,7,29,10:00 - 17:00,11:00 - 13:30,Closed,Closed,Closed,Closed
2023,7,30,Closed,Closed,Closed,Closed,Closed,Closed
2023,7,31,9:00 - 20:30,11:00 - 19:00,11:00 - 13:30,12:00 - 13:00,8:30 - 17:00,9:00 - 17:00
2023,8,1,9:00 - 20:30,11:00 - 19:00,11:00 - 13:30,12:00 - 13:00,8:30 - 17:00,9:30 - 17:00
2023,8,2,9:00 - 20:30,11:00 - 19:00,11:00 - 13:30,12:00 - 13:00,8:30 - 17:00,9:30 - 17:00
2023,8,3,9:00 - 20:30,11:00 - 19:00,11:00 - 13:30,12:00 - 13:00,8:30 - 17:00,9:30 - 17:00
2023,8,4,9:00 - 20:30,11:00 - 19:00,11:00 - 13:30,12:00 - 13:00,8:30 - 17:00,9:30 - 17:00
2023,8,5,10:00 - 17:00,11:00 - 13:30,Closed,Closed,Closed,Closed
2023,8,6,Closed,Closed,Closed,Closed,Closed,Closed
2023,8,7,9:00 - 20:30,11:00 - 19:00,11:00 - 13:30,12:00 - 13:00,8:30 - 17:00,9:00 - 17:00
2023,8,8,9:00 - 20:30,11:00 - 19:00,11:00 - 13:30,12:00 - 13:00,8:30 - 17:00,9:30 - 17:00
2023,8,9,9:00 - 20:30,11:00 - 19:00,11:00 - 13:30,12:00 - 13:00,8:30 - 17:00,9:30 - 17:00
2023,8,10,9:00 - 20:30,11:00 - 19:00,11:00 - 13:30,12:00 - 13:00,8:30 - 17:00,9:30 - 17:00
2023,8,11,Closed,Closed,Closed,Closed,Closed,Closed
2023,8,12,Closed,11:00 - 13:30,Closed,Closed,Closed,Closed
2023,8,13,Closed,Closed,Closed,Closed,Closed,Closed
2023,8,14,Closed,11:00 - 13:30,Closed,Closed,11:00 - 13:30,10:00 - 14:30
2023,8,15,Closed,11:00 - 13:30,Closed,Closed,11:00 - 13:30,10:00 - 14:30
2023,8,16,Closed,11:00 - 13:30,Closed,Closed,11:00 - 13:30,10:00 - 14:30
2023,8,17,Closed,11:00 - 13:30,Closed,Closed,11:00 - 13:30,10:00 - 14:30
2023,8,18,Closed,11:00 - 13:30,Closed,Closed,11:00 - 13:30,10:00 - 14:30
2023,8,19,Closed,Closed,Closed,Closed,Closed,Closed
2023,8,20,Closed,Closed,Closed,Closed,Closed,Closed
2023,8,21,9:00 - 17:00,11:00 - 13:30,Closed,Closed,11:00 - 13:30,10:00 - 14:30
2023,8,22,9:00 - 17:00,11:00 - 13:30,Closed,Closed,11:00 - 13:30,10:00 - 14:30
2023,8,23,Closed,11:00 - 13:30,Closed,Closed,11:00 - 13:30,10:00 - 14:30
2023,8,24,Closed,11:00 - 13:30,Closed,Closed,11:00 - 13:30,10:00 - 14:30
2023,8,25,9:00 - 17:00,11:00 - 13:30,Closed,Closed,11:00 - 13:30,10:00 - 14:30
2023,8,26,10:00 - 17:00,Closed,Closed,Closed,Closed,Closed
2023,8,27,Closed,Closed,Closed,Closed,Closed,Closed
2023,8,28,9:00 - 17:00,11:00 - 13:30,Closed,Closed,11:00 - 13:30,10:00 - 14:30
2023,8,29,9:00 - 17:00,11:00 - 13:30,Closed,Closed,11:00 - 13:30,10:00 - 14:30
2023,8,30,9:00 - 17:00,11:00 - 13:30,Closed,Closed,11:00 - 13:30,10:00 - 14:30
2023,8,31,Closed,11:00 - 13:30,Closed,Closed,11:00 - 13:30,10:00 - 14:30
2023,9,1,9:00 - 17:00,11:00 - 13:30,Closed,Closed,11:00 - 13:30,10:00 - 14:30
2023,9,2,10:00 - 17:00,Closed,Closed,Closed,Closed,Closed
2023,9,3,Closed,Closed,Closed,Closed,Closed,Closed
2023,9,4,9:00 - 17:00,11:00 - 13:30,Closed,Closed,11:00 - 13:30,10:00 - 14:30
2023,9,5,9:00 - 17:00,11:00 - 13:30,Closed,Closed,11:00 - 13:30,10:00 - 14:30
2023,9,6,9:00 - 17:00,11:00 - 13:30,Closed,Closed,11:00 - 13:30,10:00 - 14:30
2023,9,7,9:00 - 17:00,11:00 - 13:30,Closed,Closed,11:00 - 13:30,10:00 - 14:30
2023,9,8,9:00 - 17:00,11:00 - 13:30,Closed,Closed,11:00 - 13:30,10:00 - 14:30
2023,9,9,10:00 - 17:00,Closed,Closed,Closed,Closed,Closed
2023,9,10,Closed,Closed,Closed,Closed,Closed,Closed
2023,9,11,9:00 - 17:00,11:00 - 13:30,Closed,Closed,11:00 - 13:30,10:00 - 14:30
2023,9,12,9:00 - 17:00,11:00 - 13:30,Closed,Closed,11:00 - 13:30,10:00 - 14:30
2023,9,13,9:00 - 17:00,11:00 - 13:30,Closed,Closed,11:00 - 13:30,10:00 - 14:30
2023,9,14,9:00 - 17:00,11:00 - 13:30,Closed,Closed,11:00 - 13:30,10:00 - 14:30
2023,9,15,9:00 - 17:00,11:00 - 13:30,Closed,Closed,11:00 - 13:30,10:00 - 14:30
2023,9,16,10:00 - 17:00,Closed,Closed,Closed,Closed,Closed
2023,9,17,Closed,Closed,Closed,Closed,Closed,Closed
2023,9,18,Closed,Closed,Closed,Closed,Closed,Closed
2023,9,19,9:00 - 17:00,11:00 - 13:30,Closed,Closed,11:00 - 13:30,10:00 - 14:30
2023,9,20,9:00 - 17:00,11:00 - 13:30,Closed,Closed,11:00 - 13:30,10:00 - 14:30
2023,9,21,9:00 - 17:00,11:00 - 13:30,Closed,Closed,11:00 - 13:30,10:00 - 14:30
2023,9,22,9:00 - 17:00,11:00 - 13:30,Closed,Closed,11:00 - 13:30,10:00 - 14:30
2023,9,23,Closed,Closed,Closed,Closed,Closed,Closed
2023,9,24,Closed,Closed,Closed,Closed,Closed,Closed
2023,9,25,9:00 - 17:00,11:00 - 13:30,Closed,Closed,11:00 - 13:30,10:00 - 14:30
2023,9,26,9:00 - 17:00,11:00 - 13:30,Closed,Closed,11:00 - 13:30,10:00 - 14:30
2023,9,27,9:00 - 17:00,11:00 - 13:30,Closed,Closed,11:00 - 13:30,10:00 - 14:30
2023,9,28,9:00 - 17:00,11:00 - 13:30,Closed,Closed,11:00 - 13:30,10:00 - 14:30
2023,9,29,Closed,11:00 - 13:30,Closed,Closed,11:00 - 13:30,10:00 - 14:30
2023,9,30,10:00 - 17:00,Closed,Closed,Closed,Closed,Closed
2023,10,1,Closed,Closed,Closed,Closed,Closed,Closed
2023,10,2,9:00 - 20:30,11:00 - 19:00,11:00 - 13:30,12:00 - 13:00,8:30 - 17:00,9:00 - 17:00
2023,10,3,9:00 - 20:30,11:00 - 19:00,11:00 - 13:30,12:00 - 13:00,8:30 - 17:00,9:30 - 17:00
2023,10,4,9:00 - 20:30,11:00 - 19:00,11:00 - 13:30,12:00 - 13:00,8:30 - 17:00,9:30 - 17:00
2023,10,5,9:00 - 20:30,11:00 - 19:00,11:00 - 13:30,12:00 - 13:00,8:30 - 17:00,9:30 - 17:00
2023,10,6,9:00 - 20:30,11:00 - 19:00,11:00 - 13:30,12:00 - 13:00,8:30 - 17:00,9:30 - 17:00
2023,10,7,10:00 - 17:00,11:00 - 13:30,Closed,Closed,Closed,Closed
2023,10,8,Closed,Closed,Closed,Closed,Closed,Closed
2023,10,9,Closed,Closed,Closed,Closed,Closed,Closed
2023,10,10,9:00 - 20:30,11:00 - 19:00,11:00 - 13:30,12:00 - 13:00,8:30 - 17:00,9:30 - 17:00
2023,10,11,9:00 - 20:30,11:00 - 19:00,11:00 - 13:30,12:00 - 13:00,8:30 - 17:00,9:30 - 17:00
2023,10,12,9:00 - 20:30,11:00 - 19:00,11:00 - 13:30,12:00 - 13:00,8:30 - 17:00,9:30 - 17:00
2023,10,13,9:00 - 20:30,11:00 - 19:00,11:00 - 13:30,12:00 - 13:00,8:30 - 17:00,9:30 - 17:00
2023,10,14,10:00 - 17:00,11:00 - 13:30,Closed,Closed,Closed,Closed
2023,10,15,Closed,Closed,Closed,Closed,Closed,Closed
2023,10,16,9:00 - 20:30,11:00 - 19:00,11:00 - 13:30,12:00 - 13:00,8:30 - 17:00,9:00 - 17:00
2023,10,17,9:00 - 20:30,11:00 - 19:00,11:00 - 13:30,12:00 - 13:00,8:30 - 17:00,9:30 - 17:00
2023,10,18,9:00 - 20:30,11:00 - 19:00,11:00 - 13:30,12:00 - 13:00,8:30 - 17:00,9:30 - 17:00
2023,10,19,9:00 - 20:30,11:00 - 19:00,11:00 - 13:30,12:00 - 13:00,8:30 - 17:00,9:30 - 17:00
2023,10,20,9:00 - 20:30,11:00 - 19:00,11:00 - 13:30,12:00 - 13:00,8:30 - 17:00,9:30 - 17:00
2023,10,21,10:00 - 17:00,11:00 - 13:30,Closed,Closed,Closed,Closed
2023,10,22,Closed,Closed,Closed,Closed,Closed,Closed
2023,10,23,9:00 - 20:30,11:00 - 19:00,11:00 - 13:30,12:00 - 13:00,8:30 - 17:00,9:00 - 17:00
2023,10,24,9:00 - 20:30,11:00 - 19:00,11:00 - 13:30,12:00 - 13:00,8:30 - 17:00,9:30 - 17:00
2023,10,25,9:00 - 20:30,11:00 - 19:00,11:00 - 13:30,12:00 - 13:00,8:30 - 17:00,9:30 - 17:00
2023,10,26,9:00 - 20:30,11:00 - 19:00,11:00 - 13:30,12:00 - 13:00,8:30 - 17:00,9:30 - 17:00
2023,10,27,9:00 - 20:30,11:00 - 19:00,11:00 - 13:30,12:00 - 13:00,8:30 - 17:00,9:30 - 17:00
2023,10,28,10:00 - 17:00,11:00 - 13:30,Closed,Closed,Closed,Closed
2023,10,29,Closed,Closed,Closed,Closed,Closed,Closed
2023,10,30,9:00 - 20:30,11:00 - 19:00,11:00 - 13:30,12:00 - 13:00,8:30 - 17:00,9:00 - 17:00
2023,10,31,9:00 - 20:30,11:00 - 19:00,11:00 - 13:30,12:00 - 13:00,8:30 - 17:00,9:30 - 17:00
2023,11,1,9:00 - 20:30,11:00 - 19:00,11:00 - 13:30,12:00 - 13:00,8:30 - 17:00,9:30 - 17:00
2023,11,2,9:00 - 20:30,11:00 - 19:00,11:00 - 13:30,12:00 - 13:00,8:30 - 17:00,9:30 - 17:00
2023,11,3,Closed,Closed,Closed,Closed,Closed,Closed
2023,11,4,10:00 - 17:00,11:00 - 13:30,Closed,Closed,Closed,Closed
2023,11,5,Closed,Closed,Closed,Closed,Closed,Closed
2023,11,6,9:00 - 20:30,11:00 - 19:00,11:00 - 13:30,12:00 - 13:00,8:30 - 17:00,9:00 - 17:00
2023,11,7,9:00 - 20:30,11:00 - 19:00,11:00 - 13:30,12:00 - 13:00,8:30 - 17:00,9:30 - 17:00
2023,11,8,9:00 - 20:30,11:00 - 19:00,11:00 - 13:30,12:00 - 13:00,8:30 - 17:00,9:30 - 17:00
2023,11,9,9:00 - 20:30,11:00 - 19:00,11:00 - 13:30,12:00 - 13:00,8:30 - 17:00,9:30 - 17:00
2023,11,10,9:00 - 20:30,11:00 - 19:00,11:00 - 13:30,12:00 - 13:00,8:30 - 17:00,9:30 - 17:00
2023,11,11,10:00 - 17:00,11:00 - 13:30,Closed,Closed,Closed,Closed
2023,11,12,Closed,Closed,Closed,Closed,Closed,Closed
2023,11,13,9:00 - 20:30,11:00 - 19:00,11:00 - 13:30,12:00 - 13:00,8:30 - 17:00,9:00 - 17:00
2023,11,14,9:00 - 20:30,11:00 - 19:00,11:00 - 13:30,12:00 - 13:00,8:30 - 17:00,9:30 - 17:00
2023,11,15,9:00 - 20:30,11:00 - 19:00,11:00 - 13:30,12:00 - 13:00,8:30 - 17:00,9:30 - 17:00
2023,11,16,9:00 - 20:30,11:00 - 19:00,11:00 - 13:30,12:00 - 13:00,8:30 - 17:00,9:30 - 17:00
2023,11,17,Closed,Closed,Closed,Closed,Closed,Closed
2023,11,18,Closed,11:00 - 13:30,Closed,Closed,Closed,Closed
2023,11,19,Closed,Closed,Closed,Closed,Closed,Closed
2023,11,20,Closed,11:00 - 19:00,11:00 - 13:30,12:00 - 13:00,8:30 - 17:00,9:00 - 17:00
2023,11,21,9:00 - 20:30,11:00 - 19:00,11:00 - 13:30,12:00 - 13:00,8:30 - 17:00,9:30 - 17:00
2023,11,22,9:00 - 20:30,11:00 - 19:00,11:00 - 13:30,12:00 - 13:00,8:30 - 17:00,9:30 - 17:00
2023,11,23,Closed,Closed,Closed,Closed,Closed,Closed
2023,11,24,9:00 - 20:30,11:00 - 19:00,11:00 - 13:30,12:00 - 13:00,8:30 - 17:00,9:30 - 17:00
2023,11,25,10:00 - 17:00,11:00 - 13:30,Closed,Closed,Closed,Closed
2023,11,26,Closed,Closed,Closed,Closed,Closed,Closed
2023,11,27,9:00 - 20:30,11:00 - 19:00,11:00 - 13:30,12:00 - 13:00,8:30 - 17:00,9:00 - 17:00
2023,11,28,9:00 - 20:30,11:00 - 19:00,11:00 - 13:30,12:00 - 13:00,8:30 - 17:00,9:30 - 17:00
2023,11,29,9:00 - 20:30,11:00 - 19:00,11:00 - 13:30,12:00 - 13:00,8:30 - 17:00,9:30 - 17:00
2023,11,30,9:00 - 20:30,11:00 - 19:00,11:00 - 13:30,12:00 - 13:00,8:30 - 17:00,9:30 - 17:00
2023,12,1,9:00 - 20:30,11:00 - 19:00,11:00 - 13:30,12:00 - 13:00,8:30 - 17:00,9:30 - 17:00
2023,12,2,10:00 - 17:00,11:00 - 13:30,Closed,Closed,Closed,Closed
2023,12,3,Closed,Closed,Closed,Closed,Closed,Closed
2023,12,4,9:00 - 20:30,11:00 - 19:00,11:00 - 13:30,12:00 - 13:00,8:30 - 17:00,9:00 - 17:00
2023,12,5,9:00 - 20:30,11:00 - 19:00,11:00 - 13:30,12:00 - 13:00,8:30 - 17:00,9:30 - 17:00
2023,12,6,9:00 - 20:30,11:00 - 19:00,11:00 - 13:30,12:00 - 13:00,8:30 - 17:00,9:30 - 17:00
2023,12,7,9:00 - 20:30,11:00 - 19:00,11:00 - 13:30,12:00 - 13:00,8:30 - 17:00,9:30 - 17:00
2023,12,8,9:00 - 20:30,11:00 - 19:00,11:00 - 13:30,12:00 - 13:00,8:30 - 17:00,9:30 - 17:00
2023,12,9,10:00 - 17:00,11:00 - 13:30,Closed,Closed,Closed,Closed
2023,12,10,Closed,Closed,Closed,Closed,Closed,Closed
2023,12,11,9:00 - 20:30,11:00 - 19:00,11:00 - 13:30,12:00 - 13:00,8:30 - 17:00,9:00 - 17:00
2023,12,12,9:00 - 20:30,11:00 - 19:00,11:00 - 13:30,12:00 - 13:00,8:30 - 17:00,9:30 - 17:00
2023,12,13,9:00 - 20:30,11:00 - 19:00,11:00 - 13:30,12:00 - 13:00,8:30 - 17:00,9:30 - 17:00
2023,12,14,9:00 - 20:30,11:00 - 19:00,11:00 - 13:30,12:00 - 13:00,8:30 - 17:00,9:30 - 17:00
2023,12,15,9:00 - 20:30,11:00 - 19:00,11:00 - 13:30,12:00 - 13:00,8:30 - 17:00,9:30 - 17:00
2023,12,16,10:00 - 17:00,11:00 - 13:30,Closed,Closed,Closed,Closed
2023,12,17,Closed,Closed,Closed,Closed,Closed,Closed
2023,12,18,9:00 - 20:30,11:00 - 19:00,11:00 - 13:30,12:00 - 13:00,8:30 - 17:00,9:00 - 17:00
2023,12,19,9:00 - 20:30,11:00 - 19:00,11:00 - 13:30,12:00 - 13:00,8:30 - 17:00,9:30 - 17:00
2023,12,20,9:00 - 20:30,11:00 - 19:00,11:00 - 13:30,12:00 - 13:00,8:30 - 17:00,9:30 - 17:00
2023,12,21,9:00 - 20:30,11:00 - 19:00,11:00 - 13:30,12:00 - 13:00,8:30 - 17:00,9:30 - 17:00
2023,12,22,9:00 - 20:30,11:00 - 19:00,11:00 - 13:30,12:00 - 13:00,8:30 - 17:00,9:30 - 17:00
2023,12,23,10:00 - 17:00,11:00 - 13:30,Closed,Closed,Closed,Closed
2023,12,24,Closed,Closed,Closed,Closed,Closed,Closed
2023,12,25,9:00 - 20:30,11:00 - 19:00,11:00 - 13:30,12:00 - 13:00,8:30 - 17:00,9:00 - 17:00
2023,12,26,9:00 - 20:30,11:00 - 19:00,11:00 - 13:30,12:00 - 13:00,8:30 - 17:00,9:30 - 17:00
2023,12,27,9:00 - 17:00,11:00 - 13:30,Closed,Closed,11:00 - 13:30,10:00 - 14:30
2023,12,28,Closed,11:00 - 13:30,Closed,Closed,11:00 - 13:30,10:00 - 14:30
2023,12,29,Closed,11:00 - 13:30,Closed,Closed,11:00 - 13:30,10:00 - 14:30
2023,12,30,Closed,Closed,Closed,Closed,Closed,Closed
2023,12,31,Closed,Closed,Closed,Closed,Closed,Closed
2024,1,1,Closed,Closed,Closed,Closed,Closed,Closed
2024,1,2,Closed,11:00 - 13:30,Closed,Closed,11:00 - 13:30,10:00 - 14:30
2024,1,3,Closed,11:00 - 13:30,Closed,Closed,11:00 - 13:30,10:00 - 14:30
2024,1,4,Closed,11:00 - 13:30,Closed,Closed,11:00 - 13:30,10:00 - 14:30
2024,1,5,9:00 - 17:00,11:00 - 13:30,Closed,Closed,11:00 - 13:30,10:00 - 14:30
2024,1,6,10:00 - 17:00,Closed,Closed,Closed,Closed,Closed
2024,1,7,Closed,Closed,Closed,Closed,Closed,Closed
2024,1,8,Closed,Closed,Closed,Closed,Closed,Closed
2024,1,9,9:00 - 20:30,11:00 - 19:00,11:00 - 13:30,12:00 - 13:00,8:30 - 17:00,9:30 - 17:00
2024,1,10,9:00 - 20:30,11:00 - 19:00,11:00 - 13:30,12:00 - 13:00,8:30 - 17:00,9:30 - 17:00
2024,1,11,9:00 - 20:30,11:00 - 19:00,11:00 - 13:30,12:00 - 13:00,8:30 - 17:00,9:30 - 17:00
2024,1,12,9:00 - 15:00,11:00 - 19:00,11:00 - 13:30,12:00 - 13:00,8:30 - 17:00,9:30 - 17:00
2024,1,13,Closed,11:00 - 13:30,Closed,Closed,Closed,Closed
2024,1,14,Closed,Closed,Closed,Closed,Closed,Closed
2024,1,15,9:00 - 20:30,11:00 - 19:00,11:00 - 13:30,12:00 - 13:00,8:30 - 17:00,9:00 - 17:00
2024,1,16,9:00 - 20:30,11:00 - 19:00,11:00 - 13:30,12:00 - 13:00,8:30 - 17:00,9:30 - 17:00
2024,1,17,9:00 - 20:30,11:00 - 19:00,11:00 - 13:30,12:00 - 13:00,8:30 - 17:00,9:30 - 17:00
2024,1,18,9:00 - 20:30,11:00 - 19:00,11:00 - 13:30,12:00 - 13:00,8:30 - 17:00,9:30 - 17:00
2024,1,19,9:00 - 20:30,11:00 - 19:00,11:00 - 13:30,12:00 - 13:00,8:30 - 17:00,9:30 - 17:00
2024,1,20,10:00 - 17:00,11:00 - 13:30,Closed,Closed,Closed,Closed
2024,1,21,Closed,Closed,Closed,Closed,Closed,Closed
2024,1,22,9:00 - 20:30,11:00 - 19:00,11:00 - 13:30,12:00 - 13:00,8:30 - 17:00,9:00 - 17:00
2024,1,23,9:00 - 20:30,11:00 - 19:00,11:00 - 13:30,12:00 - 13:00,8:30 - 17:00,9:30 - 17:00
2024,1,24,9:00 - 20:30,11:00 - 19:00,11:00 - 13:30,12:00 - 13:00,8:30 - 17:00,9:30 - 17:00
2024,1,25,9:00 - 20:30,11:00 - 19:00,11:00 - 13:30,12:00 - 13:00,8:30 - 17:00,9:30 - 17:00
2024,1,26,9:00 - 20:30,11:00 - 19:00,11:00 - 13:30,12:00 - 13:00,8:30 - 17:00,9:30 - 17:00
2024,1,27,10:00 - 17:00,11:00 - 13:30,Closed,Closed,Closed,Closed
2024,1,28,Closed,Closed,Closed,Closed,Closed,Closed
2024,1,29,9:00 - 20:30,11:00 - 19:00,11:00 - 13:30,12:00 - 13:00,8:30 - 17:00,9:00 - 17:00
2024,1,30,9:00 - 20:30,11:00 - 19:00,11:00 - 13:30,12:00 - 13:00,8:30 - 17:00,9:30 - 17:00
2024,1,31,9:00 - 20:30,11:00 - 19:00,11:00 - 13:30,12:00 - 13:00,8:30 - 17:00,9:30 - 17:00
2024,2,1,9:00 - 20:30,11:00 - 19:00,11:00 - 13:30,12:00 - 13:00,8:30 - 17:00,9:30 - 17:00
2024,2,2,9:00 - 20:30,11:00 - 19:00,11:00 - 13:30,12:00 - 13:00,8:30 - 17:00,9:30 - 17:00
2024,2,3,10:00 - 17:00,11:00 - 13:30,Closed,Closed,Closed,Closed
2024,2,4,Closed,Closed,Closed,Closed,Closed,Closed
2024,2,5,9:00 - 20:30,11:00 - 19:00,11:00 - 13:30,12:00 - 13:00,8:30 - 17:00,9:00 - 17:00
2024,2,6,9:00 - 20:30,11:00 - 19:00,11:00 - 13:30,12:00 - 13:00,8:30 - 17:00,9:30 - 17:00
2024,2,7,9:00 - 20:30,11:00 - 19:00,11:00 - 13:30,12:00 - 13:00,8:30 - 17:00,9:30 - 17:00
2024,2,8,9:00 - 20:30,11:00 - 19:00,11:00 - 13:30,12:00 - 13:00,8:30 - 17:00,9:30 - 17:00
2024,2,9,9:00 - 20:30,11:00 - 19:00,11:00 - 13:30,12:00 - 13:00,8:30 - 17:00,9:30 - 17:00
2024,2,10,10:00 - 17:00,11:00 - 13:30,Closed,Closed,Closed,Closed
2024,2,11,Closed,Closed,Closed,Closed,Closed,Closed
2024,2,12,Closed,11:00 - 19:00,11:00 - 13:30,12:00 - 13:00,8:30 - 17:00,9:00 - 17:00
2024,2,13,9:00 - 20:30,11:00 - 19:00,11:00 - 13:30,12:00 - 13:00,8:30 - 17:00,9:30 - 17:00
2024,2,14,9:00 - 20:30,11:00 - 19:00,11:00 - 13:30,12:00 - 13:00,8:30 - 17:00,9:30 - 17:00
2024,2,15,9:00 - 17:00,11:00 - 13:30,Closed,Closed,11:00 - 13:30,10:00 - 14:30
2024,2,16,9:00 - 17:00,11:00 - 13:30,Closed,Closed,11:00 - 13:30,10:00 - 14:30
2024,2,17,10:00 - 17:00,Closed,Closed,Closed,Closed,Closed
2024,2,18,Closed,Closed,Closed,Closed,Closed,Closed
2024,2,19,9:00 - 17:00,11:00 - 13:30,Closed,Closed,11:00 - 13:30,10:00 - 14:30
2024,2,20,9:00 - 17:00,11:00 - 13:30,Closed,Closed,11:00 - 13:30,10:00 - 14:30
2024,2,21,9:00 - 17:00,11:00 - 13:30,Closed,Closed,11:00 - 13:30,10:00 - 14:30
2024,2,22,9:00 - 15:00,11:00 - 13:30,Closed,Closed,11:00 - 13:30,10:00 - 14:30
2024,2,23,Closed,Closed,Closed,Closed,Closed,Closed
2024,2,24,Closed,Closed,Closed,Closed,Closed,Closed
2024,2,25,Closed,Closed,Closed,Closed,Closed,Closed
2024,2,26,9:00 - 17:00,11:00 - 13:30,Closed,Closed,11:00 - 13:30,10:00 - 14:30
2024,2,27,9:00 - 17:00,11:00 - 13:30,Closed,Closed,11:00 - 13:30,10:00 - 14:30
2024,2,28,9:00 - 17:00,11:00 - 13:30,Closed,Closed,11:00 - 13:30,10:00 - 14:30
2024,2,29,Closed,11:00 - 13:30,Closed,Closed,11:00 - 13:30,10:00 - 14:30
2024,3,1,Closed,11:00 - 13:30,Closed,Closed,11:00 - 13:30,10:00 - 14:30
2024,3,2,Closed,Closed,Closed,Closed,Closed,Closed
2024,3,3,Closed,Closed,Closed,Closed,Closed,Closed
2024,3,4,Closed,11:00 - 13:30,Closed,Closed,11:00 - 13:30,10:00 - 14:30
2024,3,5,Closed,11:00 - 13:30,Closed,Closed,11:00 - 13:30,10:00 - 14:30
2024,3,6,9:00 - 17:00,11:00 - 13:30,Closed,Closed,11:00 - 13:30,10:00 - 14:30
2024,3,7,9:00 - 17:00,11:00 - 13:30,Closed,Closed,11:00 - 13:30,10:00 - 14:30
2024,3,8,9:00 - 17:00,11:00 - 13:30,Closed,Closed,11:00 - 13:30,10:00 - 14:30
2024,3,9,10:00 - 17:00,Closed,Closed,Closed,Closed,Closed
2024,3,10,Closed,Closed,Closed,Closed,Closed,Closed
2024,3,11,9:00 - 15:00,11:00 - 13:30,Closed,Closed,11:00 - 13:30,10:00 - 14:30
2024,3,12,Closed,11:00 - 13:30,Closed,Closed,11:00 - 13:30,10:00 - 14:30
2024,3,13,9:00 - 17:00,11:00 - 13:30,Closed,Closed,11:00 - 13:30,10:00 - 14:30
2024,3,14,9:00 - 17:00,11:00 - 13:30,Closed,Closed,11:00 - 13:30,10:00 - 14:30
2024,3,15,9:00 - 17:00,11:00 - 13:30,Closed,Closed,11:00 - 13:30,10:00 - 14:30
2024,3,16,10:00 - 17:00,Closed,Closed,Closed,Closed,Closed
2024,3,17,Closed,Closed,Closed,Closed,Closed,Closed
2024,3,18,9:00 - 17:00,11:00 - 13:30,Closed,Closed,11:00 - 13:30,10:00 - 14:30
2024,3,19,9:00 - 17:00,11:00 - 13:30,Closed,Closed,11:00 - 13:30,10:00 - 14:30
2024,3,20,Closed,Closed,Closed,Closed,Closed,Closed
2024,3,21,9:00 - 17:00,11:00 - 13:30,Closed,Closed,11:00 - 13:30,10:00 - 14:30
2024,3,22,9:00 - 17:00,11:00 - 13:30,Closed,Closed,11:00 - 13:30,10:00 - 14:30
2024,3,23,10:00 - 17:00,Closed,Closed,Closed,Closed,Closed
2024,3,24,Closed,Closed,Closed,Closed,Closed,Closed
2024,3,25,9:00 - 17:00,11:00 - 13:30,Closed,Closed,11:00 - 13:30,10:00 - 14:30
2024,3,26,9:00 - 17:00,11:00 - 13:30,Closed,Closed,11:00 - 13:30,10:00 - 14:30
2024,3,27,9:00 - 17:00,11:00 - 13:30,Closed,Closed,11:00 - 13:30,10:00 - 14:30
2024,3,28,9:00 - 17:00,11:00 - 13:30,Closed,Closed,11:00 - 13:30,10:00 - 14:30
2024,3,29,Closed,11:00 - 13:30,Closed,Closed,11:00 - 13:30,10:00 - 14:30
2024,3,30,10:00 - 17:00,Closed,Closed,Closed,Closed,Closed
2024,3,31,Closed,Closed,Closed,Closed,Closed,Closed